{"cameraMode":{"drawMode":0,"name":"Shaded","section":"Shading Mode"},"sceneLighting":false,"audioPlay":false,"sceneViewState":{"showFog":false,"showMaterialUpdate":false,"showSkybox":false,"showFlares":false,"showImageEffects":false,"showParticleSystems":false},"in2DMode":false,"pivot":{"x":0.5170000195503235,"y":0.8140000104904175,"z":0.0},"rotation":{"x":-0.15715231001377107,"y":0.006515080109238625,"z":-0.0010369104566052557,"w":-0.9875542521476746},"size":0.8492292165756226,"orthographic":false}